Dataset,ID,IsNonDominated,Obj1,Obj2,Obj3,Obj4,Obj5
2D_100,1,0,86.4074,49.1205,0,0,0
2D_100,2,0,64.5619,82.6139,0,0,0
2D_100,3,0,9.85657,5.68605,0,0,0
2D_100,4,0,59.6318,3.36103,0,0,0
2D_100,5,0,41.9214,58.1955,0,0,0
2D_100,6,0,77.0443,82.4008,0,0,0
2D_100,7,0,19.4831,7.21955,0,0,0
2D_100,8,0,80.5844,50.4504,0,0,0
2D_100,9,0,35.7235,86.3689,0,0,0
2D_100,10,0,31.6792,82.8363,0,0,0
2D_100,11,1,83.9092,87.0643,0,0,0
2D_100,12,0,6.03441,6.25187,0,0,0
2D_100,13,0,23.3153,54.2173,0,0,0
2D_100,14,0,10.3392,39.3179,0,0,0
2D_100,15,0,46.2901,23.9501,0,0,0
2D_100,16,0,42.8423,94.5823,0,0,0
2D_100,17,0,33.9421,75.6483,0,0,0
2D_100,18,0,63.4411,58.904,0,0,0
2D_100,19,0,17.1907,70.9432,0,0,0
2D_100,20,0,37.6351,71.0234,0,0,0
2D_100,21,0,65.5554,13.631,0,0,0
2D_100,22,0,2.27707,73.7524,0,0,0
2D_100,23,0,82.2317,49.452,0,0,0
2D_100,24,0,82.32,52.9398,0,0,0
2D_100,25,0,14.6421,11.5945,0,0,0
2D_100,26,0,54.8199,67.5596,0,0,0
2D_100,27,0,48.8997,10.7979,0,0,0
2D_100,28,1,98.6658,12.273,0,0,0
2D_100,29,0,24.9899,56.4515,0,0,0
2D_100,30,0,88.1603,55.4554,0,0,0
2D_100,31,0,39.4006,37.9287,0,0,0
2D_100,32,0,71.2637,10.4909,0,0,0
2D_100,33,1,81.2693,91.8286,0,0,0
2D_100,34,0,67.6265,10.5534,0,0,0
2D_100,35,0,19.8524,35.1101,0,0,0
2D_100,36,0,93.4779,60.773,0,0,0
2D_100,37,0,37.448,25.2872,0,0,0
2D_100,38,0,60.0402,89.5153,0,0,0
2D_100,39,0,16.5018,76.966,0,0,0
2D_100,40,0,32.6547,69.8426,0,0,0
2D_100,41,0,36.3512,5.13421,0,0,0
2D_100,42,0,8.69749,77.1115,0,0,0
2D_100,43,0,58.5059,62.4374,0,0,0
2D_100,44,0,17.8601,54.5764,0,0,0
2D_100,45,0,82.6486,42.5809,0,0,0
2D_100,46,0,48.2378,89.2552,0,0,0
2D_100,47,0,74.8061,89.6736,0,0,0
2D_100,48,0,40.842,11.2137,0,0,0
2D_100,49,0,38.1462,77.1599,0,0,0
2D_100,50,0,2.04663,98.4029,0,0,0
2D_100,51,0,91.0848,63.121,0,0,0
2D_100,52,0,38.8647,0.560787,0,0,0
2D_100,53,0,6.23418,18.6434,0,0,0
2D_100,54,0,29.3033,23.7066,0,0,0
2D_100,55,0,25.869,57.5657,0,0,0
2D_100,56,0,11.9865,15.9653,0,0,0
2D_100,57,0,75.2261,12.9416,0,0,0
2D_100,58,0,8.12819,5.17323,0,0,0
2D_100,59,0,69.5029,91.1594,0,0,0
2D_100,60,0,60.7571,68.209,0,0,0
2D_100,61,0,46.9775,31.1213,0,0,0
2D_100,62,0,82.7356,37.1487,0,0,0
2D_100,63,0,60.383,54.3777,0,0,0
2D_100,64,0,69.939,76.7031,0,0,0
2D_100,65,0,41.6004,37.621,0,0,0
2D_100,66,0,80.709,70.6203,0,0,0
2D_100,67,0,55.517,25.7972,0,0,0
2D_100,68,0,81.0264,42.3163,0,0,0
2D_100,69,1,96.185,81.3975,0,0,0
2D_100,70,0,48.912,61.1312,0,0,0
2D_100,71,0,41.223,19.8717,0,0,0
2D_100,72,0,80.6228,12.3694,0,0,0
2D_100,73,0,53.5437,84.4737,0,0,0
2D_100,74,0,46.3461,15.3868,0,0,0
2D_100,75,0,76.3052,20.8429,0,0,0
2D_100,76,0,50.0282,45.1513,0,0,0
2D_100,77,0,54.343,32.6896,0,0,0
2D_100,78,0,73.3535,32.0321,0,0,0
2D_100,79,0,92.2265,74.9928,0,0,0
2D_100,80,0,29.0067,76.524,0,0,0
2D_100,81,0,8.07999,61.8172,0,0,0
2D_100,82,0,53.4962,14.0601,0,0,0
2D_100,83,1,39.7402,99.5332,0,0,0
2D_100,84,0,50.2017,56.1271,0,0,0
2D_100,85,0,4.5778,29.5201,0,0,0
2D_100,86,0,19.2252,72.8228,0,0,0
2D_100,87,0,5.43393,2.35479,0,0,0
2D_100,88,0,50.063,28.5024,0,0,0
2D_100,89,0,59.0513,0.873245,0,0,0
2D_100,90,1,42.9745,98.4982,0,0,0
2D_100,91,0,61.8182,48.0088,0,0,0
2D_100,92,0,60.1775,11.8639,0,0,0
2D_100,93,0,26.3431,44.2137,0,0,0
2D_100,94,0,20.6405,41.3485,0,0,0
2D_100,95,0,71.6066,2.94452,0,0,0
2D_100,96,0,30.6665,58.4493,0,0,0
2D_100,97,0,95.3649,75.3273,0,0,0
2D_100,98,0,2.47853,58.2515,0,0,0
2D_100,99,0,61.4551,67.3576,0,0,0
2D_100,100,0,25.6619,3.89706,0,0,0
5D_1000,1,0,22.8181,9.39328,53.6892,38.9696,17.3809
5D_1000,2,0,80.6977,76.3821,44.5791,69.8325,55.499
5D_1000,3,0,93.5763,25.5057,90.8841,39.2049,22.0083
5D_1000,4,0,61.74,31.969,48.8183,36.6233,45.9441
5D_1000,5,0,61.4734,17.0679,82.9541,1.31285,89.9064
5D_1000,6,0,71.4437,80.6023,68.0966,23.1865,77.6538
5D_1000,7,0,67.4618,32.5755,17.8101,17.1528,30.1667
5D_1000,8,0,0.73126,10.2903,74.1489,60.7566,8.61522
5D_1000,9,0,54.9213,34.6807,10.4771,18.0077,81.918
5D_1000,10,0,1.72416,52.2625,12.9257,31.1312,25.3725
5D_1000,11,0,57.5236,85.4609,82.9583,20.9479,2.35609
5D_1000,12,0,9.3757,6.71783,10.3698,28.3645,43.8313
5D_1000,13,0,5.38756,62.815,35.9671,63.1306,11.3671
5D_1000,14,1,75.1298,7.23956,73.6965,99.8163,23.4589
5D_1000,15,0,38.4196,17.4573,78.3075,86.3797,15.873
5D_1000,16,0,3.90791,77.4137,74.7664,75.5239,76.3864
5D_1000,17,0,88.4846,48.4047,30.6146,83.7037,33.1816
5D_1000,18,0,19.4717,13.516,87.6892,82.1838,9.81159
5D_1000,19,1,82.3686,98.8878,51.5071,43.9902,28.461
5D_1000,20,0,73.9399,78.7679,37.5578,24.7776,88.2767
5D_1000,21,0,8.03003,69.8982,63.8349,78.3095,36.7597
5D_1000,22,0,84.2955,2.94291,40.3901,70.7838,94.5265
5D_1000,23,0,49.6796,36.2226,19.8841,30.992,64.3364
5D_1000,24,0,43.8505,43.9347,15.3689,2.38662,98.8551
5D_1000,25,0,58.4678,7.69572,27.8199,20.8211,75.6971
5D_1000,26,0,76.4813,55.8518,20.7522,5.39248,61.1749
5D_1000,27,0,64.6852,89.5544,2.54368,11.9285,66.9157
5D_1000,28,0,74.6664,66.6849,2.16603,31.3513,64.5605
5D_1000,29,0,84.6581,38.3031,54.2967,16.8858,35.4545
5D_1000,30,0,5.71073,15.6529,63.1266,77.878,47.853
5D_1000,31,0,34.9716,4.26189,64.4273,69.3562,11.3899
5D_1000,32,0,50.6161,22.0527,1.23779,0.761901,17.0641
5D_1000,33,0,23.6976,33.9815,80.1254,57.6164,20.1438
5D_1000,34,0,86.5346,34.799,95.7765,5.76603,36.2124
5D_1000,35,0,80.2759,71.8547,83.2173,90.1842,11.8098
5D_1000,36,1,3.37668,57.475,92.8231,53.5243,86.6059
5D_1000,37,1,86.6048,94.1943,26.2974,47.3699,98.1451
5D_1000,38,0,21.2115,24.2432,17.6009,59.7863,42.725
5D_1000,39,0,30.0086,39.9837,60.491,11.5023,72.715
5D_1000,40,0,10.2589,64.4616,90.8683,95.386,65.1657
5D_1000,41,0,78.7457,98.9086,25.3186,45.5072,64.9992
5D_1000,42,1,77.4002,49.57,99.7393,87.125,68.0913
5D_1000,43,0,50.7224,39.9844,18.1867,15.0384,11.741
5D_1000,44,1,96.5179,94.9211,57.6198,70.5635,6.68796
5D_1000,45,0,26.682,97.6106,16.2532,17.069,59.9632
5D_1000,46,0,67.236,64.0336,20.1396,30.3184,52.1549
5D_1000,47,0,5.98603,93.4755,89.6198,17.8214,5.12477
5D_1000,48,0,37.4583,13.7665,99.6415,51.9924,63.8179
5D_1000,49,0,34.8825,73.4773,35.3754,96.6444,38.9786
5D_1000,50,0,84.0845,73.3695,83.1813,31.7654,14.2616
5D_1000,51,0,48.0066,75.1507,47.515,0.263256,2.47237
5D_1000,52,0,25.5799,5.02303,71.263,77.4185,26.8283
5D_1000,53,0,88.8633,7.75692,16.2613,6.91643,1.86009
5D_1000,54,0,75.9286,36.368,77.3248,24.448,47.2047
5D_1000,55,0,88.5343,64.6069,30.6171,65.1711,94.0866
5D_1000,56,1,53.5179,92.4759,6.21703,81.0262,5.56735
5D_1000,57,1,90.747,32.6945,78.7165,65.9616,97.5188
5D_1000,58,0,38.1042,17.6035,80.3276,71.4756,30.5392
5D_1000,59,0,79.447,72.0874,81.8215,24.9563,10.5913
5D_1000,60,0,50.3295,12.4058,36.8902,84.2435,75.9318
5D_1000,61,0,82.5711,37.5631,91.2909,35.2975,30.9802
5D_1000,62,0,1.42347,9.51233,61.2339,55.4767,37.5566
5D_1000,63,0,27.066,58.8465,25.0888,34.7044,14.2063
5D_1000,64,0,15.6041,28.874,90.3763,35.8356,58.1713
5D_1000,65,0,2.07698,73.7488,67.8218,17.805,40.1891
5D_1000,66,0,86.3267,80.8447,3.20239,69.9784,18.6697
5D_1000,67,1,36.8906,99.3967,93.0943,63.2922,76.9009
5D_1000,68,0,41.1545,61.081,94.6569,46.1408,34.9452
5D_1000,69,0,25.7929,77.0066,89.3592,74.6697,3.35059
5D_1000,70,1,3.23834,77.2365,78.1123,99.4645,8.77401
5D_1000,71,0,81.4001,52.0312,84.1747,65.0916,22.7595
5D_1000,72,1,44.6713,61.0774,79.3836,88.2585,61.0173
5D_1000,73,0,25.2809,11.5037,50.4036,55.2341,20.9524
5D_1000,74,0,33.0711,43.6559,48.6236,87.4095,57.9452
5D_1000,75,0,88.8664,39.9352,42.2929,76.9653,14.7066
5D_1000,76,0,64.0621,67.9092,86.4272,52.546,8.26414
5D_1000,77,0,90.9668,0.341256,25.1259,5.55055,46.1492
5D_1000,78,1,97.1412,43.1063,70.7719,53.4539,62.5811
5D_1000,79,0,20.2819,57.2836,42.7792,56.9656,4.4865
5D_1000,80,0,55.5925,46.1068,42.0674,57.4811,36.8103
5D_1000,81,0,12.1699,46.8153,77.6591,68.2607,15.0821
5D_1000,82,1,98.4708,81.6269,97.8118,62.797,18.4713
5D_1000,83,1,58.6425,69.7416,30.5859,95.2355,95.5242
5D_1000,84,0,20.762,82.7288,61.0633,28.7729,94.6617
5D_1000,85,0,91.2206,43.246,21.4456,17.2669,33.3305
5D_1000,86,0,64.5632,4.01756,23.0364,22.4022,50.2762
5D_1000,87,0,26.1096,43.1235,37.7096,15.7376,85.0959
5D_1000,88,1,91.0462,36.0317,99.8223,47.8271,36.8815
5D_1000,89,0,87.1686,70.293,48.9788,62.689,55.5422
5D_1000,90,1,91.4412,65.8832,89.8743,87.9233,49.0717
5D_1000,91,0,51.4148,10.4445,87.3249,54.6971,57.1702
5D_1000,92,0,60.5393,37.3297,24.6169,59.9252,12.5337
5D_1000,93,0,62.5386,83.7373,73.529,18.3389,3.41979
5D_1000,94,0,48.4398,22.6464,61.2883,11.7196,99.2378
5D_1000,95,0,20.2278,87.2671,62.6181,79.3256,23.3798
5D_1000,96,0,1.29165,19.443,36.5585,37.9015,76.4282
5D_1000,97,0,23.8085,58.3585,44.2864,56.8831,41.7553
5D_1000,98,0,71.2942,18.6004,21.2207,63.0521,2.16529
5D_1000,99,0,1.21817,57.1259,93.8201,54.0563,34.3628
5D_1000,100,0,95.7752,29.8764,17.2651,74.4189,9.79023
5D_1000,101,1,94.1716,10.5477,84.2366,53.0833,67.1466
5D_1000,102,0,20.7813,96.7054,49.6694,25.6601,67.0252
5D_1000,103,0,71.1927,41.7021,34.9168,67.5819,7.1511
5D_1000,104,1,74.7976,86.7607,8.39967,91.565,44.2985
5D_1000,105,0,19.8725,1.48885,49.0648,7.28387,24.7793
5D_1000,106,0,72.3813,69.6976,29.9562,46.9466,41.8897
5D_1000,107,0,15.6487,48.4556,7.78719,50.8812,51.67
5D_1000,108,0,90.8393,73.2101,89.9529,85.7299,14.4638
5D_1000,109,0,52.9588,7.46796,6.89126,26.5816,69.2684
5D_1000,110,1,9.08668,60.7397,77.0366,98.7355,99.5808
5D_1000,111,1,71.0004,91.0804,91.8183,51.3342,38.3119
5D_1000,112,0,17.6221,59.0102,36.8031,39.041,29.1719
5D_1000,113,0,13.5859,98.9116,6.80769,6.33183,68.2114
5D_1000,114,1,92.1903,32.2932,97.4553,68.2055,27.8603
5D_1000,115,0,21.343,89.5561,73.6658,56.8775,2.05555
5D_1000,116,0,90.3646,1.14844,23.6023,39.3042,36.9479
5D_1000,117,0,20.631,63.2685,7.46149,35.5951,11.4098
5D_1000,118,0,1.6955,60.901,11.2244,88.2151,84.9519
5D_1000,119,0,2.43393,58.3131,40.3386,88.787,55.9717
5D_1000,120,0,34.6342,3.47676,56.6188,67.7412,3.96839
5D_1000,121,1,80.5125,94.1335,78.5984,64.4709,29.6273
5D_1000,122,0,74.591,25.4085,16.4989,10.9678,58.4981
5D_1000,123,1,99.1234,66.8647,42.3052,34.1398,61.2554
5D_1000,124,0,82.4471,57.2573,52.0039,31.9491,75.572
5D_1000,125,0,13.9855,60.3893,77.7442,53.2229,91.091
5D_1000,126,0,53.3073,33.1415,51.7584,11.1015,90.6572
5D_1000,127,1,99.4774,99.4478,37.7499,55.3077,86.1956
5D_1000,128,1,42.9843,61.0755,94.1005,42.0884,96.7139
5D_1000,129,0,43.7052,13.1959,20.8468,53.0514,18.8765
5D_1000,130,0,36.8747,37.1331,49.8362,40.7374,28.0897
5D_1000,131,0,27.5691,61.4184,22.4954,17.0368,36.1614
5D_1000,132,0,2.88026,28.2594,6.57569,99.376,57.0966
5D_1000,133,0,74.6028,42.465,46.4976,1.72295,78.1975
5D_1000,134,0,44.9497,35.3868,77.4741,62.4257,1.69237
5D_1000,135,0,68.755,18.8206,9.64436,94.8637,71.3207
5D_1000,136,0,26.0089,86.4375,34.0166,30.5071,85.6591
5D_1000,137,0,39.6413,79.2576,12.4675,76.2243,66.0016
5D_1000,138,0,80.7774,3.99253,79.0278,46.9959,54.3768
5D_1000,139,0,50.5823,9.41403,52.998,43.5779,58.9405
5D_1000,140,0,24.3198,78.724,59.5249,16.5145,53.1
5D_1000,141,0,56.7683,18.9036,10.4779,24.5787,22.7549
5D_1000,142,0,46.9071,20.9151,5.54485,6.43287,21.0101
5D_1000,143,0,74.6455,63.2773,32.1494,45.1392,44.9352
5D_1000,144,0,48.673,50.1426,70.9346,4.14244,34.4586
5D_1000,145,0,8.50503,40.0931,74.581,69.4063,82.8499
5D_1000,146,0,78.3982,77.4163,45.29,21.8794,11.2633
5D_1000,147,0,10.3058,18.434,56.5499,78.4585,3.22751
5D_1000,148,0,59.9078,40.2912,76.1989,67.2298,5.15758
5D_1000,149,0,3.85716,67.2199,11.054,97.7802,3.611
5D_1000,150,0,28.379,48.8834,25.369,26.0312,23.4349
5D_1000,151,1,81.7169,80.9573,70.3453,78.7613,88.6965
5D_1000,152,1,10.7021,66.3506,92.408,29.713,97.8217
5D_1000,153,1,76.0846,39.457,33.4027,84.3228,96.4608
5D_1000,154,0,28.643,8.77101,40.8409,40.1174,81.4329
5D_1000,155,0,1.26112,25.0799,51.4023,45.5128,91.7482
5D_1000,156,0,82.8713,5.44599,35.5773,39.4392,56.7537
5D_1000,157,0,31.0421,35.6947,79.8981,54.2402,57.925
5D_1000,158,0,78.0703,87.1205,69.1766,6.08722,62.4412
5D_1000,159,0,11.9493,67.8688,12.4572,83.6562,35.114
5D_1000,160,0,76.7596,3.14994,80.8022,58.1292,93.0479
5D_1000,161,0,32.592,99.0117,18.1315,33.8683,74.3903
5D_1000,162,1,50.6627,32.5622,87.6617,97.9415,62.8583
5D_1000,163,0,62.6782,70.1832,7.38164,13.9445,74.9612
5D_1000,164,0,9.93441,76.8098,74.453,0.297448,59.9336
5D_1000,165,0,9.3018,4.72473,75.3938,37.4159,48.0888
5D_1000,166,0,5.58259,45.1234,58.143,28.9619,90.8701
5D_1000,167,1,46.8706,8.21001,51.5422,98.7302,34.5761
5D_1000,168,1,85.1769,66.4077,36.5252,75.1515,97.0606
5D_1000,169,0,5.95047,79.2126,90.6877,65.6965,64.2419
5D_1000,170,0,22.7261,31.0009,48.6269,24.6728,32.7546
5D_1000,171,0,72.9398,54.2245,67.723,42.581,23.4914
5D_1000,172,0,17.2137,93.7909,61.5763,43.4868,69.1711
5D_1000,173,1,34.2195,78.7721,91.8905,79.7845,28.4223
5D_1000,174,0,65.3886,56.8879,40.4813,82.8632,5.20164
5D_1000,175,0,87.8909,28.3295,57.7333,26.0394,30.2697
5D_1000,176,0,73.8562,43.2946,98.3411,22.7501,14.6526
5D_1000,177,0,36.0586,34.4549,25.6234,78.1168,76.0139
5D_1000,178,0,13.5744,54.1758,64.5571,58.0579,87.8483
5D_1000,179,0,24.9479,61.7559,6.04094,56.8734,66.3838
5D_1000,180,0,83.582,82.6704,13.95,47.4533,62.2296
5D_1000,181,0,13.7011,84.8284,31.2063,35.195,83.767
5D_1000,182,0,57.6191,12.2011,75.9873,91.3361,46.2087
5D_1000,183,0,20.4637,88.4136,73.5491,77.267,56.7943
5D_1000,184,1,48.0516,81.9299,86.9294,88.2428,41.6833
5D_1000,185,1,72.0807,94.5345,46.1801,87.6337,0.0516189
5D_1000,186,0,91.3353,68.0514,61.3895,78.2088,2.06467
5D_1000,187,0,57.7413,43.7064,39.6252,8.37046,46.7312
5D_1000,188,0,58.53,51.9262,20.0528,69.0184,6.94203
5D_1000,189,0,59.2092,82.0058,4.0941,59.931,27.9933
5D_1000,190,0,24.8648,88.5601,35.2677,82.3361,60.9397
5D_1000,191,0,85.2371,50.7511,75.3339,36.2592,63.4977
5D_1000,192,1,53.4551,90.9423,98.2053,14.646,13.3995
5D_1000,193,1,34.5325,76.9732,93.2382,66.537,84.642
5D_1000,194,0,0.925594,9.59197,57.7729,8.27604,36.0998
5D_1000,195,0,54.6238,25.5838,43.2661,80.2919,25.42
5D_1000,196,0,8.26893,64.0432,37.2932,25.3437,35.3152
5D_1000,197,0,11.5934,4.43361,96.0389,34.6563,55.25
5D_1000,198,0,9.28844,44.5737,92.0557,30.4522,71.3156
5D_1000,199,0,63.592,70.7912,8.64647,74.8865,43.6359
5D_1000,200,0,6.3222,36.687,98.959,20.27,27.9042
5D_1000,201,0,71.7942,23.6457,90.6497,18.4809,49.6981
5D_1000,202,0,39.2548,74.6357,22.6748,37.2391,52.2062
5D_1000,203,0,17.9318,49.0096,78.1723,62.1475,89.8381
5D_1000,204,1,66.8001,77.0021,95.7126,8.35094,72.6444
5D_1000,205,0,26.2666,13.9942,30.4528,3.25156,68.9712
5D_1000,206,0,58.1294,52.6199,18.558,88.7638,88.9551
5D_1000,207,0,48.319,76.9978,61.4034,4.45724,69.8056
5D_1000,208,0,43.5053,25.5253,30.3499,34.0599,75.1595
5D_1000,209,0,58.2464,62.1696,9.65807,8.9758,65.6227
5D_1000,210,1,72.8758,67.178,70.983,82.0104,52.4963
5D_1000,211,0,17.9522,94.0417,38.0355,26.1251,0.887612
5D_1000,212,0,1.47383,59.9103,19.6668,2.42748,12.6228
5D_1000,213,1,2.18326,99.9359,73.0204,11.9852,67.7697
5D_1000,214,0,7.01035,52.4248,21.3393,44.6499,96.7907
5D_1000,215,1,20.2641,6.99456,71.0558,98.8753,86.4522
5D_1000,216,0,83.1908,1.65079,85.5234,17.424,47.9433
5D_1000,217,1,92.5675,29.6438,33.3469,90.249,72.3674
5D_1000,218,1,90.7309,48.2207,92.343,31.9539,54.6055
5D_1000,219,1,97.8816,5.15088,87.4036,32.5167,63.399
5D_1000,220,0,29.3963,12.2876,43.6037,34.6372,63.1621
5D_1000,221,0,48.5265,17.1445,9.55997,49.4218,27.4724
5D_1000,222,0,3.51785,76.9077,51.9054,31.8653,24.4398
5D_1000,223,0,41.4437,8.59632,88.2072,39.3781,86.3258
5D_1000,224,0,3.53675,73.8587,88.7257,19.0887,38.1994
5D_1000,225,0,56.6523,40.9267,42.726,47.4212,43.8865
5D_1000,226,0,60.9783,14.4932,59.0012,57.5323,68.5533
5D_1000,227,0,76.7446,66.4782,1.64368,51.1502,23.9361
5D_1000,228,0,47.8297,50.6594,8.41674,19.8371,47.7145
5D_1000,229,0,6.9491,52.4806,92.6699,6.93642,73.7941
5D_1000,230,0,84.0261,79.2329,55.2021,28.815,62.0383
5D_1000,231,0,40.7377,80.9202,45.0059,87.4685,86.3072
5D_1000,232,0,53.5601,86.0285,56.8296,57.8168,56.7441
5D_1000,233,0,8.83758,83.8444,67.5718,85.1383,88.0664
5D_1000,234,0,14.1687,75.4503,70.9655,33.795,57.2864
5D_1000,235,1,76.6476,46.363,88.6311,38.9753,89.5645
5D_1000,236,0,89.6756,46.473,18.926,45.9785,84.8811
5D_1000,237,0,26.0744,83.8832,3.26483,4.97657,71.9684
5D_1000,238,0,22.6318,41.0097,11.7636,42.9432,5.05916
5D_1000,239,0,8.00749,25.4143,39.5306,18.2552,85.2598
5D_1000,240,0,26.7062,76.404,89.9141,68.9674,24.7228
5D_1000,241,0,44.3522,68.8094,42.5701,19.5364,38.7941
5D_1000,242,0,67.221,55.1868,45.6436,33.0231,86.7768
5D_1000,243,0,35.5226,92.9423,67.6528,67.5989,6.52426
5D_1000,244,0,34.0285,92.8698,53.6443,6.3453,80.5997
5D_1000,245,1,84.952,83.0835,74.6416,57.5633,77.1287
5D_1000,246,0,84.8954,44.4754,35.3838,14.3719,61.5976
5D_1000,247,0,49.2986,90.5816,42.1026,20.7451,38.9315
5D_1000,248,0,25.9701,26.0299,53.9607,25.945,28.8556
5D_1000,249,1,96.2157,98.163,39.1928,61.1888,7.28302
5D_1000,250,0,16.5369,59.0439,88.885,16.7712,21.4488
5D_1000,251,0,92.9163,20.2054,73.3421,78.0388,92.7205
5D_1000,252,0,92.5099,18.5162,13.3493,94.1491,59.2835
5D_1000,253,0,67.767,50.8934,71.1858,48.0827,73.4954
5D_1000,254,0,21.7037,71.2524,77.8469,45.6984,17.316
5D_1000,255,1,63.2022,94.9311,93.219,68.1415,55.8749
5D_1000,256,0,15.9138,87.5247,63.6832,6.67023,73.5955
5D_1000,257,0,23.6227,27.5318,97.6931,53.9565,0.884831
5D_1000,258,0,24.9298,93.4113,10.762,36.3346,74.5833
5D_1000,259,0,94.5696,37.7078,50.957,69.0922,58.7683
5D_1000,260,0,70.9608,11.1562,47.9507,24.3514,88.4291
5D_1000,261,0,44.095,82.583,32.2211,33.8413,55.8521
5D_1000,262,0,22.2944,87.8169,0.417387,96.8717,72.4276
5D_1000,263,0,40.952,26.3733,50.2732,61.5196,0.275328
5D_1000,264,0,60.8827,56.9452,28.4002,43.5508,22.4121
5D_1000,265,0,50.4335,56.0129,47.9581,19.9881,5.45227
5D_1000,266,1,94.3151,50.8527,17.0005,96.4927,76.839
5D_1000,267,0,78.5699,5.18258,21.7291,11.2022,28.1178
5D_1000,268,0,82.9541,74.7663,23.1098,41.3264,92.4213
5D_1000,269,0,4.90632,31.6514,39.2352,41.041,66.226
5D_1000,270,0,37.7982,15.4645,57.7292,37.5282,1.01259
5D_1000,271,0,27.5618,63.5402,18.5056,17.4897,42.4828
5D_1000,272,0,27.3162,7.19461,70.6414,69.2328,34.6187
5D_1000,273,0,12.0222,27.6073,31.8443,38.9087,44.8127
5D_1000,274,0,81.128,30.1222,38.9822,57.1739,54.2224
5D_1000,275,1,94.2011,47.4315,33.2141,97.9938,27.2646
5D_1000,276,1,98.8186,79.4283,38.6929,9.71927,23.0833
5D_1000,277,0,58.1283,27.4003,41.4186,38.5332,50.2665
5D_1000,278,0,12.9983,3.93495,2.1587,1.90541,22.9376
5D_1000,279,0,80.5762,62.4788,55.4933,58.0662,83.5689
5D_1000,280,0,18.4883,42.4963,46.548,14.6303,88.8905
5D_1000,281,0,7.32763,39.2878,56.6385,10.0734,83.3298
5D_1000,282,0,12.9709,94.7022,65.2933,59.0129,16.6945
5D_1000,283,0,76.7932,34.8107,42.3469,78.152,59.1097
5D_1000,284,1,13.1693,70.517,96.3332,71.5488,75.9534
5D_1000,285,0,38.8367,81.3941,10.7247,58.1326,8.87409
5D_1000,286,0,42.6886,17.7329,92.6282,35.867,17.0221
5D_1000,287,0,79.6107,70.3619,89.9323,75.9896,13.5257
5D_1000,288,0,31.7565,14.7569,30.2321,80.9742,47.405
5D_1000,289,0,5.17082,73.3898,24.0725,74.7851,1.42728
5D_1000,290,0,79.6608,67.9064,88.3635,70.8445,55.2751
5D_1000,291,0,81.3447,12.7733,22.1197,65.5362,21.348
5D_1000,292,0,77.1207,29.1628,11.9944,69.828,30.9546
5D_1000,293,0,79.6489,60.8282,39.12,25.7908,95.7944
5D_1000,294,0,73.4447,8.73063,92.1068,8.85781,44.139
5D_1000,295,0,57.9109,84.0191,60.3312,47.1317,24.7927
5D_1000,296,0,19.9911,91.4726,1.2042,1.08348,25.994
5D_1000,297,0,9.19659,38.0639,4.69018,10.2192,7.08592
5D_1000,298,0,58.5748,68.3928,20.8542,60.8537,52.5162
5D_1000,299,1,85.7089,98.746,1.09511,73.8456,53.2543
5D_1000,300,0,88.1785,12.2062,5.83674,3.34381,18.142
5D_1000,301,0,3.49068,1.71683,19.0214,34.7803,76.8306
5D_1000,302,0,42.0484,48.5363,94.1054,43.5046,68.9165
5D_1000,303,0,70.5623,94.1436,34.1564,35.1464,17.0638
5D_1000,304,0,52.681,41.0655,75.589,61.9096,33.6719
5D_1000,305,0,18.6551,39.1694,24.4078,54.9761,6.71686
5D_1000,306,0,39.3726,18.4995,93.2493,67.5058,67.6915
5D_1000,307,0,10.0983,18.7057,90.689,34.4471,2.54166
5D_1000,308,0,36.5187,54.1561,68.7578,46.6728,93.2685
5D_1000,309,0,4.8597,64.3684,31.4912,58.2838,6.22265
5D_1000,310,0,4.35799,69.8323,68.122,97.5963,9.45063
5D_1000,311,0,62.5176,90.4834,31.2793,14.912,87.3892
5D_1000,312,0,75.8687,36.4387,14.6669,14.4309,95.1193
5D_1000,313,0,10.6817,3.98851,80.3749,83.9837,71.9873
5D_1000,314,0,10.6154,15.9153,37.5787,21.0932,1.43706
5D_1000,315,1,3.20181,17.0472,75.7978,0.610699,99.7016
5D_1000,316,0,11.1039,91.0268,20.5446,65.8091,48.0155
5D_1000,317,1,94.0118,56.7911,48.4867,82.0456,55.0865
5D_1000,318,0,43.1582,39.7722,29.5497,61.1269,3.45832
5D_1000,319,0,22.7171,35.6195,87.3394,33.2034,69.84
5D_1000,320,0,60.0447,72.2197,68.3514,77.6697,69.6554
5D_1000,321,0,38.292,30.8905,16.5526,51.875,82.8272
5D_1000,322,1,4.56671,91.2544,6.69706,74.9487,98.43
5D_1000,323,0,96.9298,31.8093,39.7367,10.7497,1.65068
5D_1000,324,0,72.0642,9.53642,17.017,50.9463,95.3332
5D_1000,325,1,97.4246,45.5915,54.2844,78.8405,45.9395
5D_1000,326,0,3.75796,60.3176,70.7838,83.8056,67.8647
5D_1000,327,1,74.1113,64.5009,91.8023,12.0068,59.1201
5D_1000,328,0,38.1152,34.0017,42.4744,57.8868,50.9645
5D_1000,329,1,87.4636,91.5679,21.9087,92.4577,7.23805
5D_1000,330,0,45.9705,69.0692,43.069,74.0915,39.8051
5D_1000,331,0,50.7821,65.535,18.8031,56.7082,62.2796
5D_1000,332,0,37.4822,13.7761,43.3925,25.8732,16.3596
5D_1000,333,0,26.2741,9.40645,88.2827,49.7861,6.96662
5D_1000,334,1,89.1468,65.0089,45.7504,99.9002,96.4076
5D_1000,335,0,73.2513,96.9191,21.626,15.3738,79.6356
5D_1000,336,0,24.3519,25.8281,33.6221,68.4737,83.197
5D_1000,337,0,70.354,76.9248,23.0624,71.8656,63.7665
5D_1000,338,0,47.9656,67.5566,93.2611,13.5364,7.61824
5D_1000,339,0,77.7128,86.6103,45.5599,25.3172,32.1091
5D_1000,340,0,31.0559,95.7748,67.4594,1.0997,56.0983
5D_1000,341,0,5.47418,56.9698,15.4587,21.5935,88.6223
5D_1000,342,0,7.4948,42.7288,87.98,39.3692,18.9536
5D_1000,343,0,22.1457,63.2987,64.3868,61.2378,92.2849
5D_1000,344,0,78.4332,60.4692,64.9982,10.1125,19.4424
5D_1000,345,0,22.4949,24.8012,4.17505,20.6377,36.0501
5D_1000,346,0,82.9087,63.4726,5.14052,95.3153,84.5352
5D_1000,347,1,96.4124,99.198,70.7597,8.05723,96.1602
5D_1000,348,0,52.0772,26.9322,11.3768,27.4097,46.4949
5D_1000,349,0,56.1766,29.6258,28.3635,87.0826,70.8397
5D_1000,350,1,73.3149,93.9952,64.9543,60.5252,61.0059
5D_1000,351,0,75.7327,34.5352,59.0203,51.0943,76.3074
5D_1000,352,0,47.4883,16.1817,17.2422,41.2069,12.5395
5D_1000,353,0,11.6264,18.371,39.6461,56.7825,60.628
5D_1000,354,0,25.3521,44.6108,87.2155,13.2039,30.5276
5D_1000,355,0,16.9561,68.7918,10.6487,79.3127,12.984
5D_1000,356,0,38.6109,58.2671,49.6895,96.2425,10.019
5D_1000,357,0,65.906,14.7633,74.7611,3.71711,13.4327
5D_1000,358,0,37.9543,69.4471,55.6262,65.8404,44.4326
5D_1000,359,0,41.2497,33.3841,69.6671,46.0592,46.9528
5D_1000,360,0,17.4688,14.9234,4.06749,11.6457,90.3201
5D_1000,361,0,44.7314,76.052,7.07579,73.8912,26.3504
5D_1000,362,0,66.4472,82.9587,20.83,47.2239,35.3396
5D_1000,363,0,49.5938,58.0225,42.0316,51.9007,31.1204
5D_1000,364,0,83.0896,36.3294,44.0724,35.9036,60.8381
5D_1000,365,1,97.8544,46.138,45.9421,73.9645,43.7921
5D_1000,366,0,9.79284,68.5955,85.0684,47.6167,58.9533
5D_1000,367,0,22.0909,90.5439,53.5549,64.1662,52.0503
5D_1000,368,1,83.92,84.6363,87.2133,73.1878,11.7581
5D_1000,369,0,88.0203,32.9965,3.59862,49.7278,96.1572
5D_1000,370,0,95.5516,27.5898,23.3052,39.5822,7.95765
5D_1000,371,1,70.2261,50.6439,89.2224,82.783,53.0029
5D_1000,372,0,68.8826,34.7668,14.5419,58.4864,40.9387
5D_1000,373,1,66.9721,21.2689,94.4613,53.2715,70.7832
5D_1000,374,0,89.6178,73.2929,18.9281,31.6032,68.5388
5D_1000,375,0,5.7301,36.6352,54.3562,75.7927,73.4694
5D_1000,376,0,53.4475,56.6032,86.9692,79.1544,81.0173
5D_1000,377,0,52.3371,37.3017,3.59016,7.21395,93.7
5D_1000,378,0,28.5492,11.4684,94.9611,7.25232,69.0389
5D_1000,379,0,16.1002,11.1099,73.4747,76.6864,75.8023
5D_1000,380,0,27.0907,23.4994,79.3639,5.29281,87.8519
5D_1000,381,0,24.3044,72.2099,57.6606,15.9046,74.486
5D_1000,382,0,69.7006,5.14875,39.4778,80.8621,2.50343
5D_1000,383,0,69.3225,72.7613,62.6155,11.6887,10.276
5D_1000,384,0,29.6653,7.16166,25.222,6.71416,98.2687
5D_1000,385,0,65.8778,62.6146,0.834183,0.512876,84.6939
5D_1000,386,1,15.9378,10.1877,99.6169,86.112,85.2022
5D_1000,387,0,47.113,0.149576,71.0749,74.2671,89.9334
5D_1000,388,0,25.8821,89.2785,79.3779,94.199,59.5404
5D_1000,389,0,32.5656,49.8093,84.7514,64.5422,10.231
5D_1000,390,0,74.9772,49.2859,10.3898,82.3063,81.4605
5D_1000,391,0,59.811,62.2001,37.6288,53.877,95.0151
5D_1000,392,0,41.0754,8.93467,24.1366,72.8394,25.9113
5D_1000,393,1,36.3791,50.0908,76.5225,99.626,36.4513
5D_1000,394,1,73.8449,83.9141,54.868,77.9171,73.9892
5D_1000,395,0,1.6111,13.6446,52.6837,65.5484,42.4442
5D_1000,396,0,34.0736,27.6526,33.8328,71.8258,62.9747
5D_1000,397,1,78.1446,94.0664,82.9288,56.2208,72.5292
5D_1000,398,0,25.4624,43.0578,26.2745,26.7046,70.7863
5D_1000,399,0,75.8882,38.5278,6.24511,64.4179,30.3159
5D_1000,400,0,77.7968,29.3225,32.1122,77.932,86.7843
5D_1000,401,0,65.851,34.5761,7.9611,36.36,79.6715
5D_1000,402,0,97.0897,88.4975,21.1917,0.56557,57.4612
5D_1000,403,1,86.5247,77.9934,54.6092,42.0885,74.7112
5D_1000,404,0,94.5721,9.52281,54.6673,16.5506,7.82459
5D_1000,405,0,76.8347,9.9717,12.8313,43.0766,82.7353
5D_1000,406,0,4.32367,30.7693,88.187,91.4005,87.3331
5D_1000,407,0,44.5545,45.3457,6.61901,93.3271,16.2645
5D_1000,408,0,48.0796,55.8353,66.2531,3.7122,1.31417
5D_1000,409,0,80.9906,1.03549,56.1064,50.5432,20.1066
5D_1000,410,0,43.8765,69.5883,11.1917,44.116,46.7445
5D_1000,411,0,0.854933,34.4321,81.714,28.254,13.6736
5D_1000,412,1,99.5989,67.4727,6.76159,72.7336,88.1796
5D_1000,413,0,32.3443,26.7491,92.5575,17.4437,89.4148
5D_1000,414,0,8.59017,11.334,36.3456,83.1842,33.007
5D_1000,415,0,55.5094,29.8921,74.134,31.0833,89.9615
5D_1000,416,0,56.2544,96.3023,63.8142,14.6179,15.8056
5D_1000,417,0,65.5469,5.19994,70.7912,83.1003,7.64997
5D_1000,418,0,97.0064,44.8593,64.6355,26.2417,33.6405
5D_1000,419,0,71.338,63.9419,38.9544,73.8917,66.3584
5D_1000,420,0,41.8427,45.5559,5.22247,64.8451,88.7756
5D_1000,421,0,41.8715,39.5509,84.9492,96.2119,66.7461
5D_1000,422,0,85.0173,38.2716,39.6391,62.7629,64.7415
5D_1000,423,0,14.5115,85.0922,76.1275,74.5576,76.533
5D_1000,424,0,66.567,1.66623,26.4849,49.7772,57.9597
5D_1000,425,0,28.2425,5.64378,26.9048,74.5762,71.6067
5D_1000,426,0,11.9504,66.2451,12.6529,95.9836,70.7246
5D_1000,427,0,25.4186,17.2735,82.4572,86.3653,33.471
5D_1000,428,1,70.0583,1.17722,94.4012,40.6845,69.1278
5D_1000,429,0,22.7104,89.3823,40.4441,39.0279,20.0381
5D_1000,430,1,70.1751,87.8946,63.4686,52.5216,98.5435
5D_1000,431,0,1.86804,22.6274,13.0111,89.2743,75.3639
5D_1000,432,0,67.2428,60.3769,19.7419,80.9015,5.91649
5D_1000,433,0,4.74283,64.1799,33.2914,66.8815,76.3948
5D_1000,434,0,37.8438,0.760619,26.4155,16.3161,45.0597
5D_1000,435,1,57.8305,91.769,85.5876,83.1212,61.7904
5D_1000,436,0,12.6799,86.1351,39.4221,72.3468,30.0358
5D_1000,437,0,35.9633,9.09608,2.64888,85.661,44.1723
5D_1000,438,0,47.0703,56.6843,68.733,20.7846,67.5462
5D_1000,439,0,43.92,38.7139,34.9248,3.43224,18.0304
5D_1000,440,0,45.9345,17.0557,55.9355,18.3587,39.4633
5D_1000,441,1,78.3375,97.9739,95.3216,39.637,53.7826
5D_1000,442,0,17.7594,90.1783,60.6958,30.8287,79.5989
5D_1000,443,0,77.2411,95.4928,33.8452,1.25725,70.619
5D_1000,444,1,19.5794,78.6308,97.3783,99.6404,0.975747
5D_1000,445,0,46.2241,52.7402,37.682,3.02506,36.4895
5D_1000,446,0,68.1864,20.0645,96.1437,40.3258,51.7915
5D_1000,447,0,54.7274,61.6926,7.49447,46.7762,53.3946
5D_1000,448,0,43.4431,36.4317,49.2352,75.429,89.8843
5D_1000,449,0,37.6816,35.8942,92.9619,84.856,41.1705
5D_1000,450,0,32.8337,24.55,87.433,77.0951,81.109
5D_1000,451,0,22.5411,1.92548,24.9205,99.3072,48.7059
5D_1000,452,1,98.4004,11.9427,6.79235,98.2269,1.98137
5D_1000,453,0,25.3936,14.1383,40.2434,81.7623,36.1361
5D_1000,454,0,70.901,45.0887,67.8956,71.3732,3.94906
5D_1000,455,1,42.7912,89.2766,91.1461,97.8898,91.8376
5D_1000,456,0,57.4028,16.9852,7.20817,50.76,48.5304
5D_1000,457,0,3.06802,13.4809,96.929,72.8352,23.1436
5D_1000,458,0,51.257,30.2097,28.557,95.4799,9.71813
5D_1000,459,0,91.3916,43.2242,24.9006,6.94943,5.21967
5D_1000,460,0,0.75321,49.5033,2.46251,95.3239,74.6686
5D_1000,461,0,45.1819,50.4643,82.8849,75.0915,26.7361
5D_1000,462,0,40.6391,22.5137,57.6585,34.7586,19.5024
5D_1000,463,0,58.5955,54.966,70.5237,68.8726,7.25694
5D_1000,464,1,67.8259,56.6206,92.4103,82.5127,46.8296
5D_1000,465,1,97.7318,21.266,93.7428,98.3486,41.9807
5D_1000,466,1,32.2114,21.4678,95.973,91.0574,49.7251
5D_1000,467,0,69.5096,60.9538,85.3918,40.7558,23.8685
5D_1000,468,0,73.2054,24.2864,54.4966,43.601,25.3508
5D_1000,469,0,55.567,24.6091,32.6728,17.8835,19.2833
5D_1000,470,0,70.1448,30.7183,53.291,21.8294,2.18103
5D_1000,471,1,83.6726,84.1901,83.3686,3.34438,74.862
5D_1000,472,0,31.2548,14.0217,97.8771,9.89049,71.3831
5D_1000,473,0,0.539152,6.93405,41.9356,20.2869,17.5592
5D_1000,474,0,52.1887,62.0343,33.0079,80.8433,85.2099
5D_1000,475,0,31.9588,64.7037,1.70974,63.4775,69.3129
5D_1000,476,0,83.5696,83.1886,27.5929,43.2093,59.7858
5D_1000,477,0,0.577726,20.0586,78.0297,55.1164,42.6494
5D_1000,478,0,44.316,51.688,35.8007,87.391,36.7536
5D_1000,479,0,86.2721,25.1658,8.17871,35.1371,95.5807
5D_1000,480,1,95.6999,97.0858,45.6886,18.1581,1.53188
5D_1000,481,1,90.5252,71.9214,28.7253,51.4349,94.1243
5D_1000,482,0,49.6732,29.4616,63.3229,64.3463,3.28185
5D_1000,483,0,72.1242,91.8223,54.5163,20.7557,67.0659
5D_1000,484,0,27.2635,8.40835,75.48,41.6848,86.898
5D_1000,485,0,59.1615,90.9845,9.24721,39.0369,75.4496
5D_1000,486,0,98.3782,14.9371,26.7057,9.4753,64.7672
5D_1000,487,0,82.5306,61.6998,39.0798,16.4362,62.6832
5D_1000,488,0,84.7622,32.9848,59.9174,3.82788,82.2008
5D_1000,489,0,49.414,45.5664,51.5927,55.0718,59.3306
5D_1000,490,0,13.604,15.8977,51.6757,35.0049,93.4502
5D_1000,491,0,18.1832,17.1207,51.5106,95.9701,9.97754
5D_1000,492,0,22.6243,89.3599,20.8724,67.4839,77.7038
5D_1000,493,0,28.0543,49.9056,46.0479,27.5075,26.7002
5D_1000,494,0,54.7435,86.5593,66.2569,20.2198,37.0582
5D_1000,495,1,53.009,90.6617,51.0369,90.2683,77.7976
5D_1000,496,0,39.8957,15.6838,43.4958,82.846,8.32573
5D_1000,497,0,97.5676,96.7761,22.2984,10.2702,76.6455
5D_1000,498,1,51.7428,86.5848,87.2281,18.6819,89.29
5D_1000,499,0,10.4117,29.7519,49.3777,6.64459,62.9117
5D_1000,500,0,91.3103,99.0086,6.10214,16.2032,34.3271
5D_1000,501,0,54.0971,11.2663,65.26,3.08119,91.4563
5D_1000,502,0,71.8161,37.9971,95.6552,65.1054,51.0163
5D_1000,503,0,89.1906,45.7525,12.5213,7.40721,70.1247
5D_1000,504,0,29.6403,40.2235,74.8418,76.8446,42.8451
5D_1000,505,0,3.56119,39.8467,49.5658,83.7782,6.37709
5D_1000,506,1,96.4992,74.2139,91.7546,93.1476,33.3737
5D_1000,507,0,9.56274,63.4523,11.2332,46.3064,68.7721
5D_1000,508,1,86.3296,48.1401,99.1465,55.9503,51.3305
5D_1000,509,0,66.4213,51.497,60.2392,32.6785,22.1691
5D_1000,510,0,1.21846,47.4008,12.1964,84.336,86.4547
5D_1000,511,0,68.7497,33.8576,85.0753,27.0252,68.5088
5D_1000,512,0,60.0704,15.5361,56.8568,82.6651,75.1358
5D_1000,513,1,35.4949,89.9773,88.8094,99.227,66.5502
5D_1000,514,0,3.26857,20.4903,52.3284,34.9611,41.9559
5D_1000,515,1,90.6381,78.333,1.5516,89.3925,77.4849
5D_1000,516,0,20.4066,80.573,44.9425,20.6817,49.9455
5D_1000,517,0,88.3521,14.022,52.3641,10.7706,12.81
5D_1000,518,0,8.42276,81.7052,86.0307,45.2477,49.7899
5D_1000,519,0,45.3773,73.4699,61.2726,64.9741,35.069
5D_1000,520,0,36.0315,57.8735,4.96337,74.4409,16.3871
5D_1000,521,0,25.2964,29.5318,11.422,51.402,51.0181
5D_1000,522,0,78.0857,49.6199,67.4698,0.476681,69.8988
5D_1000,523,1,81.7071,97.6712,73.6139,59.0184,93.7375
5D_1000,524,0,39.179,39.1376,86.228,70.7258,28.3533
5D_1000,525,0,9.56681,70.8038,3.14618,1.23421,38.279
5D_1000,526,0,26.285,90.7558,9.12911,31.3369,37.7671
5D_1000,527,0,11.1071,59.3947,55.0924,24.6781,76.6512
5D_1000,528,1,57.4467,14.0331,50.848,97.5714,92.5362
5D_1000,529,0,41.0535,12.4688,1.77544,15.107,18.2304
5D_1000,530,0,20.3576,62.925,85.4516,76.0551,9.46088
5D_1000,531,0,5.78115,19.9178,19.4385,85.3433,43.2455
5D_1000,532,1,90.1309,15.2818,87.4732,82.4997,66.8258
5D_1000,533,0,7.83981,77.4233,34.7905,64.78,19.9095
5D_1000,534,0,65.3721,4.96485,82.2682,1.45312,10.3828
5D_1000,535,0,67.8542,26.0998,41.9393,0.592764,90.2385
5D_1000,536,0,95.9072,52.1038,67.3102,86.3303,3.31364
5D_1000,537,0,12.2955,78.1658,76.0767,73.5126,85.9354
5D_1000,538,1,55.5577,92.1087,52.6054,78.6202,77.5138
5D_1000,539,0,22.744,73.6961,50.77,92.5226,78.4488
5D_1000,540,0,31.8779,67.9068,41.6912,50.9913,53.8101
5D_1000,541,0,95.3766,9.39702,53.0139,88.2475,14.3796
5D_1000,542,1,60.4791,30.6866,99.3308,18.3072,79.361
5D_1000,543,0,75.1516,25.7697,51.9463,4.81839,6.70865
5D_1000,544,1,57.255,98.3859,65.0623,8.99424,17.9954
5D_1000,545,1,96.2495,57.9913,51.58,82.6915,53.3404
5D_1000,546,1,44.4846,39.0927,92.5442,73.1433,96.4027
5D_1000,547,0,12.7871,94.3035,66.2463,40.7777,48.964
5D_1000,548,0,53.4532,21.6319,79.2661,1.68809,91.0411
5D_1000,549,0,6.49065,90.6225,62.6842,18.222,13.2818
5D_1000,550,0,9.39617,5.01819,88.8458,6.94972,57.8668
5D_1000,551,0,25.88,68.7512,16.1779,92.7499,95.0323
5D_1000,552,0,70.7205,61.6686,29.5268,24.0559,15.7916
5D_1000,553,0,82.9552,45.538,43.0599,88.608,45.053
5D_1000,554,0,21.1184,98.6971,23.9192,2.8017,10.2197
5D_1000,555,0,21.8904,49.8703,60.882,47.6957,1.99557
5D_1000,556,0,78.5835,61.0973,78.358,45.0999,25.3325
5D_1000,557,0,33.3275,85.8892,13.9893,73.6291,82.0241
5D_1000,558,0,14.9326,66.7421,12.2343,45.8503,31.7834
5D_1000,559,0,53.7199,38.9122,72.0417,46.524,44.5026
5D_1000,560,0,14.0991,84.5315,87.6769,9.80003,40.5737
5D_1000,561,0,48.6748,0.31224,46.382,35.2231,34.1879
5D_1000,562,0,90.8789,38.7927,63.6624,21.9816,78.4488
5D_1000,563,1,8.05019,90.0807,37.6845,94.42,46.4752
5D_1000,564,0,51.7005,60.3362,45.8255,21.0367,39.9365
5D_1000,565,1,98.7417,43.4565,20.6876,64.4226,23.1141
5D_1000,566,1,63.9419,92.1519,71.3426,77.1774,16.0173
5D_1000,567,0,53.1314,79.1054,62.4408,31.92,33.0867
5D_1000,568,0,44.2338,95.8392,68.664,3.20211,70.3754
5D_1000,569,1,92.2638,69.8209,92.6612,7.29093,54.3814
5D_1000,570,0,46.4712,60.3989,10.4889,25.7679,7.19129
5D_1000,571,1,98.9483,65.5809,82.2409,63.734,50.528
5D_1000,572,0,50.9589,22.278,78.6364,65.7983,65.7238
5D_1000,573,1,16.8224,31.4896,72.4528,97.6221,99.6488
5D_1000,574,0,83.6104,0.190396,41.9539,97.2383,39.5352
5D_1000,575,1,71.0076,91.6097,33.1882,68.4848,96.231
5D_1000,576,0,21.7834,84.8318,58.551,11.1589,71.4092
5D_1000,577,0,65.5011,73.0636,28.7668,21.1745,25.5419
5D_1000,578,0,1.97653,13.8873,54.6556,87.1517,1.99257
5D_1000,579,0,61.2742,39.7163,32.7976,35.2104,9.34547
5D_1000,580,0,40.381,57.4967,33.4297,92.6908,38.2618
5D_1000,581,1,61.3238,58.5524,89.0592,89.0629,99.6327
5D_1000,582,1,68.2455,68.1665,99.9557,12.6091,72.4968
5D_1000,583,1,94.4526,76.9477,2.20532,71.7031,98.5003
5D_1000,584,0,7.29574,47.8357,70.3774,28.4323,99.3914
5D_1000,585,0,75.0557,37.7892,95.5158,65.4658,30.6065
5D_1000,586,1,75.0052,35.7654,59.9007,12.1527,99.9417
5D_1000,587,0,4.78285,42.8487,44.5628,35.8088,81.5851
5D_1000,588,0,57.8014,42.3156,88.436,33.6505,80.629
5D_1000,589,0,61.2022,31.8522,35.5267,24.8162,38.7037
5D_1000,590,0,34.3757,23.8457,60.0621,7.3625,77.3319
5D_1000,591,0,37.4774,53.9432,2.52499,91.8322,49.86
5D_1000,592,0,56.1023,22.1209,2.15859,27.9596,35.6053
5D_1000,593,0,0.1849,31.3387,49.5999,65.4869,87.8921
5D_1000,594,0,68.1731,8.82318,7.7346,22.9003,22.0432
5D_1000,595,0,49.2834,83.3446,34.8201,82.2776,61.5316
5D_1000,596,0,94.3602,66.3936,30.04,55.0264,12.0084
5D_1000,597,0,4.25311,58.1165,90.9378,63.7794,50.7436
5D_1000,598,0,14.1521,10.2035,53.3153,39.5955,53.9539
5D_1000,599,0,19.3222,61.4385,86.1912,24.1832,58.5718
5D_1000,600,0,80.5133,33.165,39.9027,30.6673,79.7611
5D_1000,601,0,53.6528,8.31181,14.4816,47.4614,39.0605
5D_1000,602,0,18.9714,99.2788,45.8694,57.5752,32.792
5D_1000,603,1,20.8049,97.8653,93.1735,80.409,12.1385
5D_1000,604,0,33.1228,54.6565,63.6768,40.8118,81.4128
5D_1000,605,0,40.4452,91.7173,85.3617,17.3638,38.8746
5D_1000,606,0,5.06798,88.1833,94.6663,1.80095,23.3076
5D_1000,607,0,55.0188,91.3632,8.87171,51.4055,49.3024
5D_1000,608,1,56.8235,67.0963,96.9501,44.0796,90.1762
5D_1000,609,0,15.7448,99.352,0.566113,3.93264,67.3335
5D_1000,610,0,75.0868,37.6679,70.0191,13.7163,24.2479
5D_1000,611,0,24.4126,84.5422,65.6568,81.6311,77.949
5D_1000,612,1,89.6544,56.8956,43.1088,35.4584,86.8138
5D_1000,613,1,98.5897,23.3007,84.7766,66.5307,21.5966
5D_1000,614,1,58.7995,5.78936,90.9554,37.2041,87.7844
5D_1000,615,0,28.6399,10.6443,28.1523,82.7426,26.5526
5D_1000,616,0,26.3076,3.22511,33.6403,33.0923,6.96742
5D_1000,617,0,34.3241,40.1938,69.5077,57.4475,15.7209
5D_1000,618,0,57.2589,47.8524,23.3653,0.188349,23.4311
5D_1000,619,0,28.9402,10.8927,42.8513,59.316,98.2881
5D_1000,620,1,97.087,37.48,76.6786,85.0384,94.7871
5D_1000,621,0,27.4369,71.433,47.6355,37.3018,96.7098
5D_1000,622,0,14.82,67.0373,89.9576,19.8182,87.9816
5D_1000,623,0,46.7767,94.4154,63.7138,31.3552,77.0337
5D_1000,624,0,50.8119,0.910055,85.6958,23.9466,91.495
5D_1000,625,1,56.215,13.9001,97.8949,96.0272,79.1992
5D_1000,626,0,35.1972,42.6862,33.9724,22.0891,57.7872
5D_1000,627,0,77.1933,34.7431,13.5433,19.06,87.438
5D_1000,628,0,42.0957,15.6533,36.547,83.6688,86.919
5D_1000,629,0,79.2043,0.189561,60.3609,34.4683,25.1877
5D_1000,630,0,26.76,5.54692,78.8856,40.3831,61.9649
5D_1000,631,1,94.8791,21.1725,79.1447,97.6106,48.7354
5D_1000,632,0,48.7066,45.4039,88.797,59.4137,90.4016
5D_1000,633,0,68.2592,5.41994,26.9813,67.9267,90.8111
5D_1000,634,1,94.8331,65.3647,89.3602,40.798,77.6136
5D_1000,635,1,75.8761,92.0003,10.0728,89.5704,15.3265
5D_1000,636,1,96.6569,79.059,44.8719,89.0801,70.4694
5D_1000,637,0,65.2919,18.7754,37.402,19.1732,51.3946
5D_1000,638,0,29.1837,85.334,12.7487,40.6223,57.1194
5D_1000,639,0,68.9963,13.1945,81.2691,26.7795,87.1881
5D_1000,640,0,33.5686,42.4613,27.6782,82.9746,50.0798
5D_1000,641,0,31.8641,16.5829,67.2599,52.2266,23.5111
5D_1000,642,0,49.3618,27.6034,31.9437,96.8445,64.0568
5D_1000,643,0,79.8732,68.0228,10.9851,68.7139,47.0937
5D_1000,644,0,15.7275,62.0822,85.2249,17.4871,40.2648
5D_1000,645,1,95.7389,45.0273,5.37388,49.5486,97.7904
5D_1000,646,0,5.39192,58.1629,81.1843,39.458,63.093
5D_1000,647,0,23.6214,64.9896,97.0051,58.827,47.7113
5D_1000,648,0,1.30995,51.5116,44.2795,93.9533,36.5059
5D_1000,649,1,40.4902,59.4967,97.939,75.8072,65.6084
5D_1000,650,1,98.1227,78.4054,82.1112,17.1104,74.3082
5D_1000,651,0,55.4562,61.215,2.72303,81.5373,47.1312
5D_1000,652,0,86.293,34.7543,46.6821,82.2564,35.156
5D_1000,653,0,47.9612,7.031,69.4355,32.1834,6.60655
5D_1000,654,0,55.7651,58.1166,19.5988,34.8714,29.1465
5D_1000,655,0,50.6352,59.7914,1.00573,40.7188,17.1703
5D_1000,656,0,89.9908,75.6067,34.5936,62.716,62.6943
5D_1000,657,0,85.4693,39.9644,66.3766,42.1167,36.6983
5D_1000,658,0,52.2891,12.8253,32.2802,15.9532,15.4781
5D_1000,659,0,69.8885,53.6563,20.3326,1.3442,71.3107
5D_1000,660,1,90.8424,85.613,40.6102,99.2864,0.840101
5D_1000,661,0,95.2689,0.65995,9.83211,21.706,33.086
5D_1000,662,0,21.2297,5.46639,4.56521,26.3343,93.0974
5D_1000,663,0,26.7978,98.4174,72.2761,44.6311,20.0164
5D_1000,664,0,59.6323,35.2581,1.76081,64.591,63.4548
5D_1000,665,0,82.3935,40.1436,18.3121,16.6144,22.0688
5D_1000,666,0,38.3922,73.6902,92.2223,47.0437,70.328
5D_1000,667,0,40.2821,88.8307,82.018,94.1976,67.2773
5D_1000,668,0,74.6789,4.69637,4.15414,37.6313,86.4093
5D_1000,669,1,87.6747,82.6994,59.5047,81.6499,58.2489
5D_1000,670,0,30.9128,66.5826,53.7228,22.8467,74.2809
5D_1000,671,1,47.1654,59.6113,76.5474,73.9628,98.4842
5D_1000,672,0,89.2128,9.26106,41.729,8.44874,23.8886
5D_1000,673,0,53.4,55.7044,72.4088,42.4078,69.159
5D_1000,674,0,49.2461,41.8255,37.0102,19.6763,18.9271
5D_1000,675,0,2.92367,52.6613,9.64973,85.2885,98.2109
5D_1000,676,0,82.1705,50.7415,83.1833,10.5314,56.4187
5D_1000,677,0,24.3866,74.1155,41.2698,55.7761,59.7583
5D_1000,678,0,75.6338,52.7318,13.7607,5.65076,73.7222
5D_1000,679,0,76.1854,10.4978,49.2165,0.895013,28.7657
5D_1000,680,0,21.2528,0.559315,14.3852,70.404,29.9831
5D_1000,681,1,90.6532,53.3623,61.1072,98.4376,75.0266
5D_1000,682,1,67.6358,27.6166,23.2842,50.8856,99.5654
5D_1000,683,1,72.7734,89.4187,94.2083,39.318,57.0213
5D_1000,684,1,91.144,29.521,87.9878,66.8649,92.3646
5D_1000,685,0,50.6679,47.0631,71.1271,80.4426,87.628
5D_1000,686,0,73.8452,4.88367,52.5838,40.3703,31.2477
5D_1000,687,0,56.0342,5.4221,65.2562,75.6079,35.5701
5D_1000,688,0,33.6736,6.84416,49.4844,15.7846,29.9699
5D_1000,689,0,60.1389,10.1501,25.9916,97.2007,49.3937
5D_1000,690,0,67.1789,9.49964,79.7782,76.251,7.72616
5D_1000,691,1,95.498,90.852,34.3463,79.0983,6.45627
5D_1000,692,0,39.5214,29.7646,72.537,24.1675,71.0363
5D_1000,693,0,86.0337,64.8733,19.2591,41.3005,1.91181
5D_1000,694,0,22.4831,32.0535,7.44208,7.0518,26.9233
5D_1000,695,0,72.9146,64.6314,94.3895,9.977,30.4486
5D_1000,696,0,69.8041,93.3704,12.516,35.0008,74.5555
5D_1000,697,0,37.1181,66.4996,12.3966,15.605,50.2983
5D_1000,698,0,67.4147,25.4324,3.65404,79.0714,14.5218
5D_1000,699,0,79.7088,50.771,36.8948,85.5514,60.5151
5D_1000,700,1,98.5004,96.13,52.6206,22.6176,43.2748
5D_1000,701,0,18.2577,27.4564,95.2888,15.08,27.8948
5D_1000,702,0,66.8388,14.3148,24.1441,76.7634,93.1435
5D_1000,703,0,31.5923,79.4777,17.8248,41.1352,86.8348
5D_1000,704,0,4.61672,97.3276,26.5714,42.9716,70.4328
5D_1000,705,0,1.70511,46.4827,95.0233,56.5225,34.117
5D_1000,706,0,51.1847,50.3734,45.8967,22.1127,38.3963
5D_1000,707,0,85.0534,14.8462,78.6868,50.0477,90.734
5D_1000,708,0,27.7004,71.6122,73.2267,32.9215,13.592
5D_1000,709,0,86.9658,16.1639,56.8026,57.4646,54.4452
5D_1000,710,0,87.4464,24.5483,74.976,58.2732,25.682
5D_1000,711,0,55.6747,0.652984,84.1591,10.2115,21.3648
5D_1000,712,1,96.7347,62.4273,12.4073,3.60266,94.7868
5D_1000,713,0,9.88713,84.1042,52.4344,12.2578,13.4599
5D_1000,714,0,4.66147,77.9768,41.195,11.5478,46.2765
5D_1000,715,1,97.8273,58.7765,46.8115,66.2446,40.9202
5D_1000,716,0,26.8733,23.4369,76.5415,37.4895,98.4206
5D_1000,717,0,33.6622,26.221,1.82156,40.7864,62.1398
5D_1000,718,0,42.3856,60.9153,7.22647,94.7701,70.8589
5D_1000,719,0,38.3382,42.2368,85.7145,42.402,14.7989
5D_1000,720,0,62.0134,59.6232,7.36086,9.41431,91.4566
5D_1000,721,0,46.1634,47.1339,10.2742,10.7355,73.3043
5D_1000,722,0,78.4392,72.3295,41.7051,19.565,56.7735
5D_1000,723,1,98.5092,72.9193,8.47977,83.9591,71.5307
5D_1000,724,1,84.188,77.0476,89.1345,72.0542,77.2565
5D_1000,725,0,78.8137,41.0831,33.0268,28.7085,54.4499
5D_1000,726,0,62.3826,47.5468,0.138672,43.8418,46.3437
5D_1000,727,0,14.4696,84.3837,69.7174,90.6994,29.1632
5D_1000,728,0,51.362,55.2849,71.3833,0.606537,81.558
5D_1000,729,0,94.2319,15.3562,82.2435,65.1187,34.7117
5D_1000,730,0,81.6721,32.7107,55.3593,68.4891,32.9661
5D_1000,731,0,31.4028,94.3245,55.5096,23.3472,11.5671
5D_1000,732,1,94.9527,24.4568,97.7237,72.9595,55.4338
5D_1000,733,0,84.8781,6.37008,37.0884,93.8956,22.6887
5D_1000,734,0,1.93712,17.3227,92.0558,66.5373,8.83111
5D_1000,735,1,64.4399,84.3774,38.0354,74.5656,25.1547
5D_1000,736,1,53.2046,30.7404,98.2142,2.33277,84.7417
5D_1000,737,0,26.3115,10.1431,58.5026,73.647,91.8985
5D_1000,738,0,16.4508,5.10945,5.37471,73.9009,99.5516
5D_1000,739,1,73.0671,72.7326,12.8457,89.5515,68.7549
5D_1000,740,0,11.6082,7.8308,90.1687,39.6805,95.1266
5D_1000,741,0,42.8725,29.8192,77.0963,11.782,65.0826
5D_1000,742,0,75.7736,22.4368,12.4466,20.9142,81.0725
5D_1000,743,1,65.2919,69.5827,17.0978,98.1679,66.8269
5D_1000,744,0,88.1037,21.7911,21.293,23.7589,81.8924
5D_1000,745,0,27.3706,96.5245,20.5267,58.1483,39.2102
5D_1000,746,0,56.0494,7.34871,23.4889,84.1186,27.5409
5D_1000,747,1,34.8918,94.4645,59.3961,68.0249,63.6427
5D_1000,748,0,43.8275,22.6324,77.2057,72.7819,20.0072
5D_1000,749,1,93.2839,95.5223,76.7067,36.4414,51.1181
5D_1000,750,1,20.1368,70.9265,85.021,99.6142,85.618
5D_1000,751,0,97.567,87.3349,10.249,9.59362,61.3365
5D_1000,752,0,50.0745,39.6934,39.2272,22.2844,79.6522
5D_1000,753,0,43.3128,72.4269,68.002,2.56483,24.3491
5D_1000,754,0,42.9652,17.4189,18.0769,65.6946,16.1053
5D_1000,755,0,11.5818,65.0566,26.2218,24.6662,22.6219
5D_1000,756,0,83.8596,56.1918,42.5558,20.2468,57.147
5D_1000,757,0,17.0675,4.21206,21.0903,43.034,85.3722
5D_1000,758,1,91.9287,83.8371,91.6483,30.7828,81.7401
5D_1000,759,0,71.3606,69.652,52.0782,49.4285,36.7731
5D_1000,760,1,88.7665,30.6521,85.5965,37.7044,85.2222
5D_1000,761,0,50.7589,28.7575,82.0598,33.2873,18.289
5D_1000,762,0,22.9836,3.18834,21.6821,24.8891,55.4141
5D_1000,763,0,32.4737,37.6751,70.1947,8.52328,85.4935
5D_1000,764,1,61.0898,90.1486,40.0482,78.0244,38.9304
5D_1000,765,0,28.3712,1.67779,86.6231,89.437,79.1269
5D_1000,766,1,22.1364,98.1957,41.0833,92.3099,26.656
5D_1000,767,0,84.8526,86.3101,14.2328,12.5332,81.9961
5D_1000,768,1,76.2969,68.2026,87.2842,75.2032,91.3108
5D_1000,769,0,61.8447,7.53198,62.0645,43.0028,88.8483
5D_1000,770,0,20.4181,19.654,43.7436,91.6518,2.06228
5D_1000,771,0,98.2742,25.7938,2.28557,63.1747,55.4538
5D_1000,772,0,80.8061,91.1007,10.4047,10.9613,80.684
5D_1000,773,0,92.6961,9.65863,14.6928,63.2061,65.1145
5D_1000,774,0,96.1768,78.4148,17.4255,69.4306,38.9783
5D_1000,775,0,68.7979,61.8851,3.90339,77.2932,51.1283
5D_1000,776,0,5.79552,9.00446,35.1089,90.1612,14.7565
5D_1000,777,0,24.0618,66.5833,89.9784,62.2762,30.4207
5D_1000,778,0,14.2099,29.5941,21.6067,13.5908,43.2865
5D_1000,779,0,61.8121,73.7663,49.1926,26.9693,31.2251
5D_1000,780,0,63.8419,2.46474,42.5183,26.5318,91.3592
5D_1000,781,0,64.547,57.8947,48.2987,82.4936,52.6443
5D_1000,782,0,32.5687,95.1579,31.8144,44.1058,5.27708
5D_1000,783,0,36.2818,45.0313,68.7037,38.5195,67.7787
5D_1000,784,0,13.0407,97.1442,48.7614,58.1952,8.12772
5D_1000,785,0,0.234305,76.5071,22.394,65.7328,5.96006
5D_1000,786,0,29.465,34.1733,47.4776,71.2802,33.1991
5D_1000,787,0,97.2372,45.6901,18.4354,37.9942,67.2544
5D_1000,788,0,11.3909,67.9485,85.0686,94.936,68.2207
5D_1000,789,0,55.7292,72.6603,22.3814,52.0069,46.0383
5D_1000,790,0,27.47,17.6953,94.1129,73.7238,16.1214
5D_1000,791,0,88.4848,91.362,13.2132,28.8389,58.2063
5D_1000,792,1,21.6134,91.0374,27.477,98.2795,51.0631
5D_1000,793,0,9.17645,51.5434,75.2708,97.3855,57.1319
5D_1000,794,0,48.7594,1.14846,93.8753,33.8589,76.8288
5D_1000,795,1,4.70705,60.59,96.8244,78.8522,26.7053
5D_1000,796,0,25.4728,87.9525,42.7042,34.0313,70.1689
5D_1000,797,0,72.6847,55.2431,53.4472,38.9957,75.9946
5D_1000,798,0,10.5235,80.853,37.3797,47.3025,63.9133
5D_1000,799,0,24.429,41.669,14.8212,68.551,77.6659
5D_1000,800,1,60.2567,73.0401,92.8473,78.2076,20.1372
5D_1000,801,0,18.796,60.6066,91.0024,46.2668,31.5789
5D_1000,802,0,76.9653,90.8601,58.4074,30.4854,4.00478
5D_1000,803,0,60.0435,16.5611,37.3641,90.4645,8.54778
5D_1000,804,0,67.267,72.6976,49.2107,46.0717,23.0204
5D_1000,805,0,29.3804,12.6193,97.3739,36.6267,6.71436
5D_1000,806,0,13.9235,5.94628,29.9922,59.6776,89.2415
5D_1000,807,0,60.253,30.2604,60.0117,28.2576,10.1239
5D_1000,808,0,31.3901,15.2604,58.4671,34.3377,84.7805
5D_1000,809,0,30.6078,39.7238,3.31365,20.4244,14.7422
5D_1000,810,0,56.4193,49.4477,81.8582,58.145,19.4609
5D_1000,811,0,75.1856,52.9115,28.9217,44.5261,23.4513
5D_1000,812,0,89.8406,88.7641,41.876,1.7332,74.4921
5D_1000,813,0,73.1772,75.5815,50.2239,22.7456,49.8513
5D_1000,814,0,71.6854,86.1136,54.9873,20.253,11.641
5D_1000,815,0,33.4482,17.934,82.4257,52.209,96.5154
5D_1000,816,0,62.4568,27.6493,77.4589,37.5752,77.3827
5D_1000,817,0,53.887,68.8853,58.5932,41.6328,62.0014
5D_1000,818,0,58.3158,48.4654,89.1021,19.9498,80.2842
5D_1000,819,1,76.3285,81.6772,83.3865,67.8336,93.278
5D_1000,820,0,89.4227,75.3483,10.3209,50.6592,12.974
5D_1000,821,1,63.8696,59.4222,54.6496,85.4887,85.6786
5D_1000,822,0,29.2037,21.4697,46.4419,84.9814,53.2911
5D_1000,823,0,60.3645,33.0939,4.46554,41.1743,41.3737
5D_1000,824,0,61.4088,46.2026,0.991084,51.6517,13.2515
5D_1000,825,0,28.6949,39.5134,33.9796,83.8256,25.6365
5D_1000,826,0,61.6791,5.99882,6.10455,54.5742,76.4289
5D_1000,827,1,90.172,80.3175,2.22683,68.7746,99.0432
5D_1000,828,1,42.5962,63.54,5.33711,25.8356,99.7871
5D_1000,829,0,27.5233,2.16216,86.6842,38.5952,46.8725
5D_1000,830,0,69.0137,7.44382,75.2759,23.8515,78.2046
5D_1000,831,0,60.2787,36.4598,24.4521,10.8149,19.3429
5D_1000,832,0,94.9604,49.4673,36.0292,16.4064,85.7046
5D_1000,833,0,23.8382,76.2105,44.1099,86.2736,20.1731
5D_1000,834,0,71.7388,35.6519,89.8815,26.7382,35.4339
5D_1000,835,0,39.4395,6.77341,53.287,62.5409,97.4551
5D_1000,836,0,49.9967,67.5971,3.83254,40.7172,16.0209
5D_1000,837,0,6.55746,45.2769,39.3712,1.0236,19.9653
5D_1000,838,0,21.3467,75.3413,16.8742,44.8211,65.4579
5D_1000,839,0,87.091,45.3319,31.7632,56.743,66.4779
5D_1000,840,0,40.6848,2.87039,6.03494,91.6764,2.94315
5D_1000,841,0,35.4369,18.3282,8.84229,85.0398,23.4738
5D_1000,842,0,6.52054,81.6381,63.7442,39.5085,75.4462
5D_1000,843,0,48.3926,53.8287,64.1981,35.7638,43.5664
5D_1000,844,1,21.848,91.2031,81.7938,47.135,78.1329
5D_1000,845,1,50.1168,95.728,95.276,7.46516,69.5561
5D_1000,846,0,87.8451,75.102,9.14005,17.4986,45.4468
5D_1000,847,0,48.3219,4.67774,40.5281,68.3736,47.1798
5D_1000,848,0,8.34144,82.8933,29.7973,79.5136,9.7207
5D_1000,849,0,47.0164,48.5393,23.6798,99.2924,65.9418
5D_1000,850,0,75.2918,42.8848,78.7949,52.6474,42.3128
5D_1000,851,0,28.6835,72.7039,3.28645,63.9472,68.9911
5D_1000,852,0,38.385,47.7792,38.1516,23.1866,46.3176
5D_1000,853,0,58.5848,63.5118,2.9556,77.7345,20.1558
5D_1000,854,0,22.2,58.263,19.8338,62.4697,80.0686
5D_1000,855,1,95.7236,64.9429,88.8894,25.2546,91.4295
5D_1000,856,1,17.5785,96.7865,83.8734,68.1473,13.4834
5D_1000,857,0,38.6891,80.9407,32.2583,74.046,34.6665
5D_1000,858,0,61.65,14.4025,6.20731,28.021,17.5173
5D_1000,859,0,1.55557,30.1363,27.5502,57.9584,37.681
5D_1000,860,1,51.1427,79.2452,85.7715,49.4372,71.098
5D_1000,861,1,67.2082,90.637,32.7417,92.1287,71.9523
5D_1000,862,0,49.619,68.3373,77.2937,34.89,37.9662
5D_1000,863,1,66.0988,42.6882,84.0162,83.277,79.4235
5D_1000,864,0,62.5497,48.9611,7.21865,8.09701,75.4724
5D_1000,865,0,38.0961,52.0713,53.6325,41.1148,27.5233
5D_1000,866,0,33.858,20.5028,93.9925,9.05629,7.09241
5D_1000,867,0,28.4631,96.1737,11.5461,48.7626,40.7345
5D_1000,868,0,58.2586,12.487,99.0186,19.1618,60.279
5D_1000,869,0,31.3158,95.6767,74.6535,19.8333,18.9416
5D_1000,870,1,90.0012,91.4929,4.79694,71.2113,43.042
5D_1000,871,1,95.7211,44.1972,77.0986,33.1563,61.5045
5D_1000,872,0,41.3348,49.4868,63.2058,63.2796,38.8687
5D_1000,873,0,50.2695,3.08776,25.8487,56.4245,66.4811
5D_1000,874,0,7.19578,37.3527,73.257,69.1376,29.9617
5D_1000,875,0,18.8542,42.3614,24.6492,43.667,18.0727
5D_1000,876,0,10.6089,13.344,72.0622,8.5616,66.7572
5D_1000,877,0,5.69542,36.9141,11.183,35.3808,74.7197
5D_1000,878,1,94.9892,5.92097,88.9182,63.8359,86.4437
5D_1000,879,0,34.3922,89.641,78.8717,90.2282,0.986922
5D_1000,880,0,40.0299,28.9214,20.8009,67.0551,81.3249
5D_1000,881,0,83.6492,28.5716,57.7232,3.44407,49.4865
5D_1000,882,1,43.9809,0.159116,65.2435,99.9059,30.1701
5D_1000,883,0,63.4912,47.7604,67.1152,42.5124,92.3489
5D_1000,884,1,98.4865,46.6471,28.3157,76.1056,79.9949
5D_1000,885,0,88.5955,37.5129,84.1625,10.3694,56.0796
5D_1000,886,1,11.6983,39.5098,96.7112,41.6923,96.6369
5D_1000,887,0,47.2858,79.3483,37.927,55.0986,10.7635
5D_1000,888,0,61.9774,93.7505,16.8477,16.8968,82.6213
5D_1000,889,1,9.61697,99.4836,80.2805,53.9877,69.3892
5D_1000,890,0,35.9545,36.6608,65.5352,87.5085,18.1669
5D_1000,891,0,36.6639,33.6658,74.0158,88.1524,60.8828
5D_1000,892,0,82.7747,43.1552,78.7477,20.8563,85.4537
5D_1000,893,0,42.6437,58.7758,28.4137,50.2816,42.4418
5D_1000,894,0,67.1562,66.1952,58.6864,20.568,31.1754
5D_1000,895,0,65.9831,69.3026,38.277,67.8508,21.4026
5D_1000,896,0,52.1487,98.3978,33.1995,50.5604,19.8348
5D_1000,897,1,70.3584,89.3827,49.5998,61.4779,92.7224
5D_1000,898,0,12.423,41.4522,64.8189,4.04738,79.5441
5D_1000,899,0,72.1854,15.7522,59.5766,60.8005,53.9039
5D_1000,900,0,4.1556,28.5435,87.0085,96.6471,37.656
5D_1000,901,0,23.9704,29.734,19.0164,26.3163,52.3503
5D_1000,902,0,15.0641,73.3681,58.8554,34.7367,98.0198
5D_1000,903,0,30.9043,92.4547,22.3718,0.567025,78.9871
5D_1000,904,0,61.5196,0.350296,47.6632,44.7471,76.9713
5D_1000,905,0,9.4546,33.1033,48.2144,35.6955,81.9833
5D_1000,906,0,9.28306,87.5514,40.6034,49.8682,6.05265
5D_1000,907,0,4.73549,80.1359,34.2637,77.9311,67.0846
5D_1000,908,0,78.1056,81.513,4.39719,17.5078,81.0323
5D_1000,909,0,63.4493,37.1581,51.5686,63.8313,13.9025
5D_1000,910,0,95.9603,45.5308,91.645,32.8668,16.7115
5D_1000,911,0,9.19681,45.3158,6.65798,74.6492,26.3699
5D_1000,912,0,54.362,71.4784,69.4692,49.5707,45.7111
5D_1000,913,0,25.8941,25.8454,28.1915,4.00137,60.4175
5D_1000,914,1,88.0754,96.0944,71.8511,28.6461,19.2202
5D_1000,915,1,58.293,50.4518,22.5252,96.8568,97.0014
5D_1000,916,0,45.2948,0.769426,12.3367,25.6186,22.3899
5D_1000,917,0,74.6394,13.7579,85.5395,41.9977,51.0293
5D_1000,918,0,54.5954,31.8121,15.5228,96.3715,33.6083
5D_1000,919,0,21.7003,2.50028,30.1233,69.5998,76.3545
5D_1000,920,0,41.936,72.3013,60.101,11.454,52.2218
5D_1000,921,0,22.3578,3.02532,48.4781,9.62519,89.183
5D_1000,922,0,67.9147,31.2735,36.6004,22.9114,68.4752
5D_1000,923,0,12.4793,54.7631,66.6066,35.5231,88.2656
5D_1000,924,1,76.2481,90.9052,74.2221,14.3328,80.542
5D_1000,925,0,67.3762,11.7094,34.9939,56.5659,79.4917
5D_1000,926,1,48.1415,88.9379,97.6939,61.4944,73.5521
5D_1000,927,0,11.5217,90.6451,30.6396,58.6966,58.5766
5D_1000,928,0,80.6743,27.0496,88.1069,27.7039,17.9887
5D_1000,929,0,68.6584,43.1631,95.9038,22.0151,12.1624
5D_1000,930,0,85.4812,51.056,3.98912,44.3799,27.9131
5D_1000,931,1,93.9819,88.8696,73.6995,45.1733,72.6733
5D_1000,932,0,23.4233,32.8231,73.2105,98.8793,7.4712
5D_1000,933,0,71.4324,1.74912,52.8254,74.0076,8.20555
5D_1000,934,0,0.81761,52.1422,1.6968,61.135,28.2101
5D_1000,935,0,29.1851,10.3473,23.8264,65.2947,45.5082
5D_1000,936,0,3.74633,62.8628,29.7517,69.7111,69.1193
5D_1000,937,0,21.7736,82.6704,79.356,4.66103,7.39507
5D_1000,938,0,22.2992,55.1572,12.057,78.7886,58.7557
5D_1000,939,0,6.5279,56.9933,10.3212,56.7388,64.1315
5D_1000,940,0,42.1215,42.2119,21.7819,51.138,76.9018
5D_1000,941,0,16.7275,38.2708,60.7778,6.22271,72.3462
5D_1000,942,0,67.8956,58.3424,5.62194,61.8296,21.8838
5D_1000,943,1,45.5294,73.3552,60.2161,99.0585,22.3426
5D_1000,944,0,4.66684,84.756,41.6483,7.7073,13.0137
5D_1000,945,0,33.2844,41.936,33.2166,50.7767,47.4872
5D_1000,946,0,32.8228,69.8776,23.9142,25.8489,53.9122
5D_1000,947,0,48.1791,34.2875,7.99234,92.7983,58.2079
5D_1000,948,0,53.2395,49.0967,45.3091,77.873,2.45378
5D_1000,949,0,32.6624,31.5137,40.462,73.761,26.0876
5D_1000,950,0,75.2495,30.2165,3.08641,78.3229,9.78433
5D_1000,951,0,30.7198,38.1524,4.47874,51.7905,33.3353
5D_1000,952,0,3.24331,48.2528,10.1178,41.6922,71.105
5D_1000,953,0,19.9748,71.5961,63.1542,5.59979,3.67211
5D_1000,954,0,41.682,57.8497,31.4232,12.4562,29.6174
5D_1000,955,0,29.7664,76.2738,74.5527,68.4036,43.7702
5D_1000,956,0,50.8137,7.66281,29.118,91.5086,26.594
5D_1000,957,1,67.0259,67.4498,53.865,79.9167,59.9127
5D_1000,958,0,79.4826,39.8604,16.3266,66.0844,31.0256
5D_1000,959,0,5.58376,81.4918,52.5156,15.1674,39.8727
5D_1000,960,0,30.8849,43.2874,34.4076,4.84058,4.4358
5D_1000,961,0,14.1541,93.7746,86.7563,45.2556,62.274
5D_1000,962,0,36.0744,81.0473,23.9758,77.0714,78.6564
5D_1000,963,0,11.4086,36.7375,82.9594,24.0426,3.5086
5D_1000,964,0,19.1725,28.5591,40.6401,45.6402,84.2393
5D_1000,965,0,83.9503,51.5182,88.7366,29.2773,69.5228
5D_1000,966,0,36.7458,72.0402,85.3698,4.80689,64.9528
5D_1000,967,0,7.72006,92.0955,13.9705,52.3722,1.82064
5D_1000,968,1,69.2576,31.204,84.2087,84.7828,76.5205
5D_1000,969,1,11.5641,90.998,41.8688,98.1748,15.9113
5D_1000,970,0,77.5986,77.7359,32.5466,49.6774,45.0205
5D_1000,971,0,72.6036,64.8739,7.50962,51.9933,58.9563
5D_1000,972,0,68.8966,7.64082,48.6859,9.77702,50.2754
5D_1000,973,0,30.2192,45.0462,70.2507,55.7868,72.0254
5D_1000,974,0,47.5688,49.0208,75.5925,36.865,61.6278
5D_1000,975,0,35.3841,69.2296,81.5829,84.9755,5.6706
5D_1000,976,0,64.0492,34.2313,80.7446,69.0869,1.71734
5D_1000,977,0,50.4252,56.5069,2.04365,28.3024,58.3654
5D_1000,978,0,1.68619,49.4993,8.50532,68.9123,87.7361
5D_1000,979,0,48.3074,19.9281,70.3954,47.8388,10.636
5D_1000,980,0,9.04109,93.5525,31.8329,11.1502,55.5179
5D_1000,981,0,69.2964,63.607,86.2358,43.938,36.3904
5D_1000,982,1,76.8422,23.9604,83.0829,77.4943,94.986
5D_1000,983,0,81.8227,38.8417,1.63735,75.0074,35.1382
5D_1000,984,1,40.3818,88.1481,97.8793,77.0996,53.4724
5D_1000,985,0,21.5571,5.87353,19.9546,70.2853,88.0739
5D_1000,986,0,87.4373,55.8457,42.1935,13.7256,43.9858
5D_1000,987,0,7.61155,2.84433,35.2086,12.5508,90.7529
5D_1000,988,0,11.1526,21.4823,76.432,97.5905,53.8574
5D_1000,989,0,58.4209,21.8353,4.48806,36.5417,31.5479
5D_1000,990,0,9.164,64.4052,39.2457,26.7641,2.34357
5D_1000,991,0,57.6766,76.5225,45.1692,68.0165,34.5763
5D_1000,992,1,99.7876,41.0923,63.3773,78.7369,59.9125
5D_1000,993,0,83.5361,18.36,82.3698,5.70956,72.7913
5D_1000,994,0,18.5893,27.8258,22.6823,81.718,74.1145
5D_1000,995,0,34.3415,83.4958,90.5233,28.4719,86.9653
5D_1000,996,1,25.2802,3.28802,94.3768,91.4241,98.9277
5D_1000,997,0,2.01556,47.4041,7.03333,3.37192,49.2373
5D_1000,998,0,22.0957,41.008,9.22079,63.5854,92.0222
5D_1000,999,0,45.9389,1.4259,49.3101,23.5605,34.4561
5D_1000,1000,0,82.1895,33.5841,46.5179,61.9601,39.004
